{
    "inlcuding all sentences": 0.06891891891891891,
    "only sentences with citation": 0.11486486486486487
}